{
	"civs" : 
	[
		{
			"bn" : 
			[
				10,
				154,
				203,
				250,
				276,
				39,
				121
			],
			"id" : 1,
			"nm" : "Assticks",
			"tb" : 
			[
				[
					56,
					1
				]
			],
			"tt" : 
			[
				207,
				217,
				264,
				716,
				192,
				218,
				85,
				437,
				436,
				204,
				254,
				428,
				166,
				209,
				265,
				235,
				236,
				630,
				631,
				714,
				715,
				435,
				39,
				603,
				188,
				219,
				82,
				80,
				605,
				242,
				244,
				37,
				376,
				375,
				373,
				47,
				64,
				321,
				316,
				319,
				439,
				231,
				252,
				45,
				233,
				48,
				17,
				15,
				81,
				875,
				480,
				481,
				837,
				838,
				46
			]
		},
		{
			"bn" : 
			[
				129,
				128,
				45,
				44
			],
			"id" : 2,
			"nm" : "Aztecs",
			"tb" : 
			[
				0
			],
			"tt" : 
			[
				429,
				192,
				218,
				85,
				437,
				436,
				25,
				204,
				254,
				428,
				166,
				209,
				265,
				235,
				236,
				630,
				631,
				714,
				715,
				435,
				39,
				239,
				188,
				219,
				82,
				80,
				244,
				35,
				37,
				376,
				50,
				51,
				63,
				64,
				379,
				221,
				15,
				81,
				480,
				481,
				837,
				838,
				886,
				46
			]
		},
		{
			"bn" : 
			[
				286,
				64,
				126,
				41,
				283
			],
			"id" : 3,
			"nm" : "Big Bomba",
			"tb" : 
			[
				[
					66,
					2
				]
			],
			"tt" : 
			[
				264,
				433,
				384,
				602,
				237,
				192,
				218,
				436,
				428,
				166,
				209,
				265,
				630,
				631,
				714,
				715,
				435,
				320,
				239,
				603,
				219,
				201,
				80,
				244,
				194,
				63,
				608,
				441,
				439,
				231,
				233,
				230,
				434,
				189,
				480,
				481,
				837,
				838,
				886
			]
		},
		{
			"bn" : 
			[
				53,
				59,
				212,
				30
			],
			"id" : 4,
			"nm" : "Big Camel Family",
			"tb" : 
			[
				[
					30,
					1
				]
			],
			"tt" : 
			[
				433,
				384,
				237,
				192,
				218,
				85,
				166,
				209,
				265,
				630,
				631,
				714,
				715,
				255,
				320,
				239,
				603,
				219,
				76,
				77,
				244,
				376,
				65,
				63,
				64,
				377,
				608,
				441,
				439,
				233,
				230,
				438,
				279,
				221,
				17,
				434,
				480,
				481,
				837,
				838,
				886
			]
		},
		{
			"bn" : 
			[
				0,
				1,
				2
			],
			"id" : 5,
			"nm" : "Britons",
			"tb" : 
			[
				2
			],
			"tt" : 
			[
				433,
				384,
				85,
				437,
				436,
				428,
				265,
				235,
				236,
				630,
				631,
				714,
				715,
				435,
				255,
				320,
				188,
				376,
				64,
				316,
				319,
				439,
				279,
				12,
				434,
				875,
				480,
				481,
				837,
				838,
				886,
				46
			]
		},
		{
			"bn" : 
			[
				4,
				36,
				97,
				108,
				331,
				248,
				131
			],
			"id" : 6,
			"nm" : "Cav Archer Focused",
			"tb" : 
			[
				[
					30,
					1
				]
			],
			"tt" : 
			[
				429,
				433,
				384,
				602,
				237,
				85,
				166,
				209,
				265,
				630,
				631,
				714,
				715,
				255,
				320,
				603,
				188,
				77,
				246,
				244,
				376,
				375,
				373,
				51,
				64,
				377,
				608,
				321,
				319,
				441,
				439,
				231,
				230,
				438,
				434,
				875,
				480,
				481,
				837,
				838,
				886
			]
		},
		{
			"bn" : 
			[
				1,
				172,
				98,
				317,
				146
			],
			"id" : 7,
			"nm" : "Foot Archer Line Focus",
			"tb" : 
			[
				[
					8,
					1
				]
			],
			"tt" : 
			[
				264,
				433,
				384,
				218,
				85,
				265,
				235,
				236,
				630,
				631,
				714,
				715,
				255,
				320,
				188,
				80,
				77,
				246,
				244,
				376,
				64,
				319,
				441,
				439,
				231,
				438,
				182,
				279,
				221,
				23,
				17,
				15,
				12,
				434,
				75,
				480,
				481,
				837,
				838,
				886
			]
		},
		{
			"bn" : 
			[
				16,
				305,
				239,
				105,
				132,
				304,
				45,
				39
			],
			"id" : 8,
			"nm" : "Gabes Weeaboo Fantasy",
			"tb" : 
			[
				[
					44,
					1
				],
				[
					4,
					1
				]
			],
			"tt" : 
			[
				264,
				429,
				433,
				384,
				85,
				254,
				428,
				166,
				209,
				265,
				235,
				236,
				630,
				631,
				714,
				715,
				435,
				255,
				320,
				603,
				188,
				82,
				80,
				439,
				231,
				233,
				230,
				438,
				434,
				480,
				481,
				837,
				838
			]
		},
		{
			"bn" : 
			[
				299,
				321,
				212
			],
			"id" : 9,
			"nm" : "Humpy Bois",
			"tb" : 
			[
				[
					71,
					1
				]
			],
			"tt" : 
			[
				414,
				222,
				207,
				217,
				264,
				87,
				197,
				429,
				433,
				384,
				85,
				630,
				631,
				714,
				715,
				162,
				96,
				255,
				603,
				188,
				604,
				243,
				246,
				605,
				242,
				244,
				35,
				376,
				65,
				375,
				50,
				51,
				194,
				140,
				63,
				380,
				54,
				64,
				377,
				608,
				379,
				321,
				316,
				319,
				439,
				45,
				23,
				17,
				15,
				434,
				480,
				481,
				837,
				838,
				46
			]
		},
		{
			"bn" : 
			[
				312,
				127,
				98,
				179,
				263,
				239
			],
			"id" : 10,
			"nm" : "Israelis",
			"tb" : 
			[
				[
					43,
					1
				]
			],
			"tt" : 
			[
				222,
				207,
				217,
				264,
				87,
				197,
				429,
				433,
				384,
				716,
				215,
				602,
				151,
				100,
				237,
				99,
				98,
				192,
				218,
				437,
				436,
				204,
				254,
				428,
				166,
				209,
				265,
				235,
				236,
				630,
				631,
				714,
				715,
				435,
				39,
				162,
				96,
				255,
				358,
				257,
				320,
				94,
				239,
				603,
				188,
				211,
				212,
				219,
				199,
				200,
				201,
				67,
				82,
				80,
				74,
				76,
				77,
				604,
				243,
				246,
				605,
				242,
				244,
				35,
				37,
				376,
				65,
				374,
				375,
				373,
				50,
				51,
				194,
				93,
				140,
				63,
				380,
				322,
				54,
				64,
				377,
				608,
				379,
				321,
				315,
				316,
				319,
				441,
				439,
				231,
				252,
				45,
				233,
				230,
				438,
				8,
				280,
				213,
				249,
				55,
				182,
				278,
				279,
				202,
				203,
				221,
				48,
				23,
				17,
				15,
				14,
				13,
				12,
				434,
				189,
				68,
				75,
				81,
				875,
				480,
				481,
				837,
				838,
				886,
				46
			]
		},
		{
			"bn" : 
			[
				107,
				284,
				327,
				95,
				320
			],
			"id" : 11,
			"nm" : "Know It Alls",
			"tb" : 
			[
				[
					45,
					1
				],
				[
					54,
					1
				]
			],
			"tt" : 
			[
				433,
				384,
				192,
				218,
				437,
				436,
				235,
				236,
				630,
				631,
				714,
				715,
				603,
				376,
				377,
				321,
				319,
				439,
				45,
				48,
				17,
				15,
				434,
				480,
				481,
				837,
				838,
				886,
				46
			]
		},
		{
			"bn" : 
			[
				312,
				98,
				100,
				25,
				127,
				324
			],
			"id" : 12,
			"nm" : "Persian Douche",
			"tb" : 
			[
				[
					72,
					1
				],
				[
					55,
					1
				]
			],
			"tt" : 
			[
				217,
				264,
				433,
				384,
				716,
				602,
				100,
				237,
				192,
				218,
				437,
				436,
				166,
				209,
				265,
				714,
				715,
				162,
				96,
				255,
				320,
				94,
				239,
				603,
				201,
				77,
				244,
				35,
				375,
				373,
				316,
				319,
				441,
				439,
				231,
				252,
				45,
				233,
				230,
				438,
				48,
				17,
				15,
				434,
				875,
				886,
				46
			]
		},
		{
			"bn" : 
			[
				305,
				35,
				39,
				17,
				9,
				144,
				74
			],
			"id" : 13,
			"nm" : "Philistines",
			"tb" : 
			[
				[
					3,
					1
				]
			],
			"tt" : 
			[
				433,
				384,
				151,
				100,
				237,
				192,
				218,
				85,
				437,
				436,
				235,
				236,
				630,
				631,
				714,
				715,
				320,
				94,
				239,
				603,
				188,
				37,
				376,
				375,
				373,
				47,
				64,
				321,
				315,
				316,
				319,
				439,
				231,
				252,
				45,
				233,
				17,
				15,
				434,
				480,
				481,
				837,
				838,
				886,
				46
			]
		},
		{
			"bn" : 
			[
				23,
				10,
				72,
				9,
				233,
				39,
				305
			],
			"id" : 14,
			"nm" : "Pike and Shot Focused",
			"tb" : 
			[
				[
					48,
					1
				]
			],
			"tt" : 
			[
				264,
				433,
				384,
				192,
				218,
				85,
				436,
				265,
				235,
				236,
				630,
				631,
				714,
				715,
				255,
				320,
				603,
				188,
				80,
				246,
				244,
				375,
				51,
				380,
				64,
				377,
				316,
				319,
				441,
				231,
				45,
				233,
				230,
				438,
				279,
				48,
				23,
				17,
				434,
				480,
				481,
				837,
				838,
				886,
				46
			]
		},
		{
			"bn" : 
			[
				314,
				102,
				313,
				325,
				111
			],
			"id" : 15,
			"nm" : "Stanks",
			"tb" : 
			[
				[
					11,
					1
				],
				[
					30,
					1
				],
				[
					27,
					1
				]
			],
			"tt" : 
			[
				222,
				207,
				217,
				264,
				87,
				197,
				429,
				433,
				384,
				716,
				215,
				602,
				237,
				192,
				218,
				437,
				436,
				235,
				236,
				630,
				631,
				714,
				715,
				162,
				96,
				255,
				358,
				257,
				320,
				94,
				239,
				603,
				74,
				76,
				77,
				375,
				373,
				54,
				64,
				321,
				316,
				319,
				439,
				231,
				280,
				279,
				221,
				48,
				17,
				15,
				434,
				875,
				480,
				481,
				837,
				838,
				886
			]
		},
		{
			"bn" : 
			[
				97,
				310,
				207,
				144,
				13,
				38,
				136
			],
			"id" : 16,
			"nm" : "Steppe Lancer focused",
			"tb" : 
			[
				[
					9,
					1
				]
			],
			"tt" : 
			[
				217,
				264,
				429,
				433,
				384,
				237,
				85,
				166,
				209,
				265,
				630,
				631,
				255,
				320,
				603,
				188,
				219,
				77,
				242,
				244,
				376,
				375,
				51,
				64,
				377,
				319,
				441,
				439,
				231,
				438,
				279,
				221,
				48,
				434,
				480,
				481,
				837,
				838,
				886
			]
		},
		{
			"bn" : 
			[
				82,
				120,
				108,
				329,
				309,
				193
			],
			"id" : 17,
			"nm" : "Uniquecomedes",
			"tb" : 
			[
				[
					4,
					1
				],
				[
					8,
					1
				]
			],
			"tt" : 
			[
				222,
				207,
				217,
				264,
				429,
				433,
				384,
				716,
				602,
				151,
				100,
				237,
				192,
				218,
				437,
				436,
				204,
				254,
				428,
				166,
				209,
				265,
				235,
				236,
				714,
				715,
				435,
				39,
				162,
				96,
				255,
				603,
				219,
				201,
				76,
				77,
				605,
				242,
				244,
				375,
				373,
				321,
				316,
				319,
				231,
				252,
				233,
				48,
				17,
				15,
				434,
				875,
				480,
				481,
				837,
				838,
				886
			]
		}
	]
}
