{
  "civilization_list": [
    {
      "internal_name": "Gaia",
      "tech_tree_name": "GAIA",
      "data_name": "GAIA",
      "hud_style": "CivWest",
      "name_string_id": 10102
    },
    {
      "internal_name": "Britons",
      "tech_tree_name": "BRITONS",
      "data_name": "BRITON-CIV",
      "hud_style": "CivMedi",
      "name_string_id": 10271,
      "computer_name_string_table_offset": 4400,
      "tech_tree_image_path": "/resources/civ_techtree/menu_techtree_britons.png",
      "unique_unit_image_paths": [
        "/resources/uniticons/110_50730.png"
      ]
    },
    {
      "internal_name": "Franks",
      "tech_tree_name": "FRANKS",
      "data_name": "FRANKISH-CIV",
      "hud_style": "CivMedi",
      "name_string_id": 10272,
      "computer_name_string_table_offset": 4420,
      "tech_tree_image_path": "/resources/civ_techtree/menu_techtree_franks.png",
      "unique_unit_image_paths": [
        "/resources/uniticons/110_50730.png"
      ]
    },
    {
      "internal_name": "Goths",
      "tech_tree_name": "GOTHS",
      "data_name": "GOTHIC-CIV",
      "hud_style": "CivAsia",
      "name_string_id": 10273,
      "computer_name_string_table_offset": 4440,
      "tech_tree_image_path": "/resources/civ_techtree/menu_techtree_goths.png",
      "unique_unit_image_paths": [
        "/resources/uniticons/117_50730.png"
      ]
    },
    {
      "internal_name": "Teutons",
      "tech_tree_name": "TEUTONS",
      "data_name": "TEUTONIC-CIV",
      "hud_style": "CivWest",
      "name_string_id": 10274,
      "computer_name_string_table_offset": 4460,
      "tech_tree_image_path": "/resources/civ_techtree/menu_techtree_teutons.png",
      "unique_unit_image_paths": [
        "/resources/uniticons/037_50730.png"
      ]
    },
    {
      "internal_name": "Japanese",
      "tech_tree_name": "JAPANESE",
      "data_name": "JAPANESE-CIV",
      "hud_style": "CivAsia",
      "name_string_id": 10275,
      "computer_name_string_table_offset": 4480,
      "tech_tree_image_path": "/resources/civ_techtree/menu_techtree_japanese.png",
      "unique_unit_image_paths": [
        "/resources/uniticons/041_50730.png"
      ]
    },
    {
      "internal_name": "Chinese",
      "tech_tree_name": "CHINESE",
      "data_name": "CHINESE-CIV",
      "name_string_id": 10276,
      "computer_name_string_table_offset": 4500,
      "tech_tree_image_path": "/resources/civ_techtree/menu_techtree_chinese.png",
      "unique_unit_image_paths": [
        "/resources/uniticons/253_50730.png"
      ]
    },
    {
      "internal_name": "Byzantines",
      "tech_tree_name": "BYZANTINES",
      "data_name": "BYZANTINE-CIV",
      "hud_style": "CivWest",
      "name_string_id": 10277,
      "computer_name_string_table_offset": 4520,
      "tech_tree_image_path": "/resources/civ_techtree/menu_techtree_byzantines.png",
      "unique_unit_image_paths": [
        "/resources/uniticons/041_50730.png"
      ]
    },
    {
      "internal_name": "Persians",
      "tech_tree_name": "PERSIANS",
      "data_name": "PERSIAN-CIV",
      "hud_style": "CivOrie",
      "name_string_id": 10278,
      "computer_name_string_table_offset": 4540,
      "tech_tree_image_path": "/resources/civ_techtree/menu_techtree_persians.png",
      "unique_unit_image_paths": [
        "/resources/uniticons/243_50730.png"
      ]
    },
    {
      "internal_name": "Saracens",
      "tech_tree_name": "SARACENS",
      "data_name": "SARACEN-CIV",
      "hud_style": "CivAsia",
      "name_string_id": 10279,
      "computer_name_string_table_offset": 4560,
      "tech_tree_image_path": "/resources/civ_techtree/menu_techtree_saracens.png",
      "unique_unit_image_paths": [
        "/resources/uniticons/041_50730.png"
      ]
    },
    {
      "internal_name": "Turks",
      "tech_tree_name": "TURKS",
      "data_name": "TURKISH-CIV",
      "hud_style": "CivWest",
      "name_string_id": 10280,
      "computer_name_string_table_offset": 4580,
      "tech_tree_image_path": "/resources/civ_techtree/menu_techtree_turks.png",
      "unique_unit_image_paths": [
        "/resources/uniticons/097_50730.png"
      ]
    },
    {
      "internal_name": "Vikings",
      "tech_tree_name": "VIKINGS",
      "data_name": "VIKING-CIV",
      "hud_style": "CivAfri",
      "name_string_id": 10281,
      "computer_name_string_table_offset": 4600,
      "tech_tree_image_path": "/resources/civ_techtree/menu_techtree_vikings.png",
      "unique_unit_image_paths": [
        "/resources/uniticons/253_50730.png"
      ]
    },
    {
      "internal_name": "Mongols",
      "tech_tree_name": "MONGOLS",
      "data_name": "MONGOL-CIV",
      "hud_style": "CivMeso",
      "name_string_id": 10282,
      "computer_name_string_table_offset": 4620,
      "tech_tree_image_path": "/resources/civ_techtree/menu_techtree_mongols.png",
      "unique_unit_image_paths": [
        "/resources/uniticons/043_50730.png"
      ]
    },
    {
      "internal_name": "Celts",
      "tech_tree_name": "CELTS",
      "data_name": "CELTIC-CIV",
      "name_string_id": 10283,
      "computer_name_string_table_offset": 4640,
      "tech_tree_image_path": "/resources/civ_techtree/menu_techtree_celts.png",
      "unique_unit_image_paths": [
        "/resources/uniticons/045_50730.png"
      ]
    },
    {
      "internal_name": "Spanish",
      "tech_tree_name": "SPANISH",
      "data_name": "SPANISH-CIV",
      "hud_style": "CivWest",
      "name_string_id": 10284,
      "computer_name_string_table_offset": 5800,
      "tech_tree_image_path": "/resources/civ_techtree/menu_techtree_spanish.png",
      "unique_unit_image_paths": [
        "/resources/uniticons/136_50730.png"
      ]
    },
    {
      "internal_name": "Aztecs",
      "tech_tree_name": "AZTECS",
      "data_name": "AZTEC-CIV",
      "hud_style": "CivOrie",
      "name_string_id": 10285,
      "computer_name_string_table_offset": 5820,
      "tech_tree_image_path": "/resources/civ_techtree/menu_techtree_aztecs.png",
      "unique_unit_image_paths": [
        "/resources/uniticons/035_50730.png"
      ]
    },
    {
      "internal_name": "Mayans",
      "tech_tree_name": "MAYANS",
      "data_name": "MAYAN-CIV",
      "name_string_id": 10286,
      "computer_name_string_table_offset": 5840,
      "tech_tree_image_path": "/resources/civ_techtree/menu_techtree_mayans.png",
      "unique_unit_image_paths": [
        "/resources/uniticons/249_50730.png"
      ]
    },
    {
      "internal_name": "Huns",
      "tech_tree_name": "HUNS",
      "data_name": "HUN-CIV",
      "hud_style": "CivOrie",
      "name_string_id": 10287,
      "computer_name_string_table_offset": 5860,
      "tech_tree_image_path": "/resources/civ_techtree/menu_techtree_huns.png",
      "unique_unit_image_paths": [
        "/resources/uniticons/251_50730.png"
      ]
    }
  ]
}